{"cameraMode":{"drawMode":0,"name":"Shaded","section":"Shading Mode"},"sceneLighting":true,"audioPlay":false,"sceneViewState":{"m_AlwaysRefresh":false,"showFog":true,"showSkybox":true,"showFlares":true,"showImageEffects":true,"showParticleSystems":true,"showVisualEffectGraphs":true,"m_FxEnabled":true},"in2DMode":false,"pivot":{"x":47.735755920410159,"y":11.939863204956055,"z":-1.7912511825561524},"rotation":{"x":-0.21861328184604646,"y":0.44930413365364077,"z":-0.11439581960439682,"w":-0.8586313128471375},"size":11.969266891479493,"orthographic":false}